From City,To City,Date,Buses Found
Delhi,Manali,Apr 2025 20,147
Delhi,Rishikesh,Apr 2025 20,205
Delhi,Shimla,Apr 2025 20,43
Delhi,Nainital,Apr 2025 20,56
Delhi,Katra,Apr 2025 20,108
Bangalore,Goa,Apr 2025 20,36
Bangalore,Hyderabad,Apr 2025 20,219
Bangalore,Tirupathi,Apr 2025 20,278
Bangalore,Chennai,Apr 2025 20,158
Bangalore,Pondicherry,Apr 2025 20,47
Hyderabad,Bangalore,Apr 2025 20,220
Hyderabad,Goa,Apr 2025 20,24
Hyderabad,Srisailam,Apr 2025 20,49
Hyderabad,Vijayawada,Apr 2025 20,630
Hyderabad,Tirupathi,Apr 2025 20,93
Pune,Goa,Apr 2025 20,71
Pune,Mumbai,Apr 2025 20,428
Pune,Nagpur,Apr 2025 20,91
Pune,Kolhapur,Apr 2025 20,283
Pune,Nashik,Apr 2025 20,64
Mumbai,Goa,Apr 2025 20,66
Mumbai,Pune,Apr 2025 20,545
Mumbai,Shirdi,Apr 2025 20,66
Mumbai,Mahabaleshwar,Apr 2025 20,44
Mumbai,Kolhapur,Apr 2025 20,191
Kolkata,Digha,Apr 2025 20,255
Kolkata,Siliguri,Apr 2025 20,52
Kolkata,Puri,Apr 2025 20,16
Kolkata,Bakkhali,Apr 2025 20,3
Kolkata,Mandarmani,Apr 2025 20,195
Chennai,Bangalore,Apr 2025 20,160
Chennai,Pondicherry,Apr 2025 20,124
Chennai,Coimbatore,Apr 2025 20,156
Chennai,Madurai,Apr 2025 20,321
Chennai,Tirupathi,Apr 2025 20,60
Chandigarh,Manali,Apr 2025 20,156
Chandigarh,Shimla,Apr 2025 20,42
Chandigarh,Delhi,Apr 2025 20,311
Chandigarh,Dehradun,Apr 2025 20,28
Chandigarh,Amritsar,Apr 2025 20,33
Coimbatore,Chennai,Apr 2025 20,177
Coimbatore,Bangalore,Apr 2025 20,196
Coimbatore,Ooty,Apr 2025 20,9
Coimbatore,Tiruchendur,Apr 2025 20,27
Coimbatore,Madurai,Apr 2025 20,74
Agra,Bareilly,Apr 2025 20,18
Hisar,Chandigarh,Apr 2025 20,5
Ayodhya,Varanasi,Apr 2025 20,27
Lucknow,Ballia,Apr 2025 20,15
Lucknow,Moradabad,Apr 2025 20,26
Rajkot,Dwarka,Apr 2025 20,32
Siliguri,Gangtok,Apr 2025 20,17
Ahmedabad,Goa,Apr 2025 20,1
Ahmedabad,Kanpur,Apr 2025 20,14
Akola,Pune,Apr 2025 20,44
Delhi,Dehradun,Apr 2025 20,243
Delhi,Haridwar,Apr 2025 20,203
Dehradun,Delhi,Apr 2025 20,231
Delhi,Agra,Apr 2025 20,399
Delhi,Varanasi,Apr 2025 20,44
